{
    "enabled": true,
    "neededInstalledMods": [],
    "neededUninstalledMods": [],
    "spawns": [
      {
        "id": "axew-1",
        "pokemon": "axew",
        "type": "pokemon",
        "context": "grounded",
        "bucket": "common",
        "level": "22-42",
        "weight": 30.0,
        "condition": {
          "canSeeSky": true,
          "biomes": [ "#cobblemon:is_hill",
                      "#cobblemon:is_badlands"
                    ]
        }
      },

      {
        "id": "axew-2",
        "pokemon":"axew",
        "presets":["river"],
        "type": "pokemon",
        "context": "grounded",
        "bucket": "rare",
        "level": "16-30",
        "weight": 10.0,
        "condition": {
          "canSeeSky": true,
          "biomes": [ "#cobblemon:is_river" ]
        }
      },

      {
        "id": "axew-3",
        "pokemon":"axew",
        "presets":["underground"],
        "type": "pokemon",
        "context": "grounded",
        "bucket": "uncommon",
        "level": "12-27",
        "weight": 20.0,
        "condition": {
          "canSeeSky": false,
          "biomes": [ "#cobblemon:is_cave" ]
        }
      }

    ]
}