{
    "implemented": true,
    "name": "fraxure",
    "nationalPokedexNumber": 611,
    "primaryType": "dragon",

    "evolutions": [
        {
            "id": "fraxure_haxorus_level",
            "variant": "level_up",
            "result": "haxorus",
            "requirements": [
              {
                "variant": "level",
                "minLevel": 48
              }
            ]
        }
    ],
    
    "abilities": [
        "moldbreaker",
        "rivalry",
        "h:unnerve"
    ],
    "baseStats": {
        "hp": 66,
        "attack": 117,
        "defence": 70,
        "special_attack": 40,
        "special_defence": 50,
        "speed": 67
    },
    "behaviour": {
        "resting": {
            "canSleep": true,
            "depth": "normal",
            "times": "night,day,dusk,dawn",
            "light": "0-7"
        },
        "moving": {
            "canLook": true,
            "walk": {
                "canWalk": true,
                "avoidsLand": false
            },
            "swim": {
                "swimSpeed": 0.1,
                "canSwimInWater": true,
                "canBreatheUnderwater": false
            },
            "wanderChance": 1
        }
    },
    "catchRate": 60,
    "maleRatio": 0.5,
    "shoulderMountable": false,
    
    "baseExperienceYield": 144,
    "experienceGroup": "slow",
    "eggCycles": 40,
    "eggGroups": [
        "monster",
        "dragon"
    ],
    "drops": {
        "amount": "2",
        "entries": [
        {"item": "minecraft:flint", "quantityRange": "1-2", "percentage": 100},
{"item": "cobblemon:dragon_fang", "quantityRange": "1", "percentage": 25}
        ]
    },
    "moves": [
        "1:scratch",
        "1:leer",
        "1:bite",
        "1:falseswipe",
        "9:assurance",
        "12:taunt",
        "15:slash",
        "18:dragonclaw",
        "21:scaryface",
        "24:crunch",
        "27:dragondance",
        "30:breakingswipe",
        "33:focusenergy",
        "36:dragonpulse",
        "41:swordsdance",
        "46:outrage",
        "51:guillotine",
        "56:gigaimpact",
        "tm:takedown",
        "tm:scaryface",
        "tm:protect",
        "tm:lowkick",
        "tm:trailblaze",
        "tm:facade",
        "tm:aerialace",
        "tm:bulldoze",
        "tm:snarl",
        "tm:swift",
        "tm:rocktomb",
        "tm:fling",
        "tm:dragontail",
        "tm:endure",
        "tm:sunnyday",
        "tm:raindance",
        "tm:dig",
        "tm:falseswipe",
        "tm:brickbreak",
        "tm:shadowclaw",
        "tm:sleeptalk",
        "tm:dragonclaw",
        "tm:poisonjab",
        "tm:stompingtantrum",
        "tm:rest",
        "tm:rockslide",
        "tm:taunt",
        "tm:swordsdance",
        "tm:ironhead",
        "tm:dragondance",
        "tm:substitute",
        "tm:xscissor",
        "tm:crunch",
        "tm:dragonpulse",
        "tm:surf",
        "tm:reversal",
        "tm:gigaimpact",
        "tm:outrage",
        "tm:dracometeor",
        "tm:terablast",
        "egg:aquatail",
        "egg:counter",
        "egg:endeavor",
        "egg:firstimpression",
        "egg:harden",
        "egg:irontail",
        "egg:nightslash",
        "tutor:scaleshot"
    ],
    "labels": [
        "custom"
    ],
    "pokedex": [
        "cobblemon.species.fraxure.desc1",
        "cobblemon.species.fraxure.desc2"
    ],
    
    
    "baseScale": 1.2,
    "hitbox": {
        "width": 1.0,
        "height": 1.2,
        "fixed": false
    },
    "baseFriendship": 35,
    "evYield": {
        "hp": 0,
        "attack": 2,
        "defence": 0,
        "special_attack": 0,
        "special_defence": 0,
        "speed": 0
    },
    "height": 10,
    "weight": 3.6,
    "preEvolution": "axew"
}